id,game,start_date,end_date,game title,start of free,end of free
1.0,Subnautica,12/12/2018,27/12/2018,,,
2.0,Super Meat Boy,28/12/2018,10/01/2019,,,
3.0,What Remains of Edith Finch,11/01/2019,24/01/2019,,,
4.0,The Jackbox Party Pack,24/01/2019,07/02/2019,,,
5.0,Axiom Verge,07/02/2019,21/02/2019,,,
6.0,Thimbleweed Park,21/02/2019,07/03/2019,,,
7.0,Slime Rancher,07/03/2019,21/03/2019,,,
8.0,Oxenfree,21/03/2019,04/04/2019,,,
9.0,The Witness,04/04/2019,18/04/2019,,,
10.0,Transistor,18/04/2019,02/05/2019,,,
11.0,World of Goo,02/05/2019,16/05/2019,,,
12.0,Stories Untold,16/05/2019,30/05/2019,,,
13.0,RiME,23/05/2019,30/05/2019,,,
14.0,City of Brass,30/05/2019,06/06/2019,,,
15.0,Kingdom: New Lands,06/06/2019,13/06/2019,,,
16.0,Enter the Gungeon,13/06/2019,20/06/2019,,,
17.0,Rebel Galaxy,20/06/2019,27/06/2019,,,
18.0,Last Day of June,27/06/2019,04/07/2019,,,
19.0,Overcooked!,04/07/2019,11/07/2019,,,
20.0,Torchlight,11/07/2019,18/07/2019,,,
21.0,Limbo,18/07/2019,25/07/2019,,,
22.0,Moonlighter,25/07/2019,01/08/2019,,,
23.0,This War of Mine,25/07/2019,01/08/2019,,,
24.0,Alan Wake,02/08/2019,09/08/2019,,,
25.0,For Honor,02/08/2019,09/08/2019,,,
26.0,GNOG,08/08/2019,15/08/2019,,,
27.0,Hyper Light Drifter,15/08/2019,22/08/2019,,,
28.0,Mutant Year Zero: Road to Eden,15/08/2019,22/08/2019,,,
29.0,Fez,22/08/2019,29/08/2019,,,
30.0,Celeste,29/08/2019,05/09/2019,,,
31.0,Inside,29/08/2019,05/09/2019,,,
32.0,ABZU,05/09/2019,12/09/2019,,,
33.0,The End is Nigh,05/09/2019,12/09/2019,,,
34.0,Conarium,12/09/2019,19/09/2019,,,
35.0,Batman: Arkham Asylum,19/09/2019,26/09/2019,,,
36.0,Batman: Arkham City,19/09/2019,26/09/2019,,,
37.0,Batman: Arkham Collection,19/09/2019,26/09/2019,,,
38.0,BATMAN: ARKHAM KNIGHT,19/09/2019,26/09/2019,,,
39.0,LEGO Batman Trilogy,19/09/2019,26/09/2019,,,
40.0,LEGO Batman: The Video Game,19/09/2019,26/09/2019,,,
41.0,LEGO Batman 2: DC Super Heroes,19/09/2019,26/09/2019,,,
42.0,LEGO Batman 3: Beyond Gotham,19/09/2019,26/09/2019,,,
43.0,Everything,26/09/2019,03/10/2019,,,
44.0,Metro 2033 Redux,26/09/2019,03/10/2019,,,
45.0,Minit,03/10/2019,10/10/2019,,,
46.0,Surviving Mars,10/10/2019,17/10/2019,,,
47.0,Alan Wake's: American Nightmare,17/10/2019,28/10/2019,,,
48.0,Layers of Fear,24/10/2019,31/10/2019,,,
49.0,Observer,24/10/2019,31/10/2019,,,
50.0,Costume Quest,31/10/2019,07/11/2019,,,
51.0,Q.U.B.E. 2,31/10/2019,07/11/2019,,,
52.0,SOMA,31/10/2019,07/11/2019,,,
53.0,Nuclear Throne,07/11/2019,14/11/2019,,,
54.0,Ruiner,07/11/2019,14/11/2019,,,
55.0,The Messenger,14/11/2019,21/11/2019,,,
56.0,Bad North: Jotunn Edition,21/11/2019,29/11/2019,,,
57.0,Rayman Legends,29/11/2019,06/12/2019,,,
58.0,Jotun: Valhalla Edition,05/12/2019,12/12/2019,,,
59.0,The Escapists,12/12/2019,19/12/2019,,,
60.0,The Wolf Among Us,12/12/2019,19/12/2019,,,
61.0,Into the Breach,19/12/2019,20/12/2019,,,
62.0,TowerFall Ascension,20/12/2019,21/12/2019,,,
63.0,Superhot,21/12/2019,22/12/2019,,,
64.0,Little Inferno,22/12/2019,23/12/2019,,,
65.0,Ape Out,23/12/2019,24/12/2019,,,
66.0,Celeste (repeat),24/12/2019,25/12/2019,,,
67.0,Totally Accurate Battle Simulator,25/12/2019,26/12/2019,,,
68.0,FTL: Faster Than Light,26/12/2019,27/12/2019,,,
69.0,Hyper Light Drifter,27/12/2019,28/12/2019,,,
70.0,Shadow Tactics: Blades of the Shogun,28/12/2019,29/12/2019,,,
71.0,The Talos Principle,29/12/2019,30/12/2019,,,
72.0,Hello Neighbor,30/12/2019,31/12/2019,,,
73.0,Yooka-Laylee and the Impossible Lair,31/12/2019,01/01/2020,,,
74.0,Darksiders,01/01/2020,09/01/2020,,,
75.0,Darksiders II,01/01/2020,09/01/2020,,,
76.0,Steep,01/01/2020,09/01/2020,,,
77.0,Sundered: Eldritch Edition,09/01/2020,16/01/2020,,,
78.0,Horace,16/01/2020,23/01/2020,,,
79.0,The Bridge,23/01/2020,30/01/2020,,,
80.0,Farming Simulator 19,30/01/2020,06/02/2020,,,
81.0,Carcassonne,06/02/2020,13/02/2020,,,
82.0,Ticket to Ride,06/02/2020,13/02/2020,,,
83.0,Aztez,13/02/2020,20/02/2020,,,
84.0,Kingdom Come: Deliverance,13/02/2020,20/02/2020,,,
85.0,Assassin's Creed Syndicate,20/02/2020,27/02/2020,,,
86.0,Faeria,20/02/2020,27/02/2020,,,
87.0,InnerSpace,27/02/2020,05/03/2020,,,
88.0,GoNNER,05/03/2020,12/03/2020,,,
89.0,Offworld Trading Company,05/03/2020,12/03/2020,,,
90.0,A Short Hike,12/03/2020,19/03/2020,,,
91.0,Anodyne 2: Return to Dust,12/03/2020,19/03/2020,,,
92.0,Mutazione,12/03/2020,19/03/2020,,,
93.0,The Stanley Parable,19/03/2020,26/03/2020,,,
94.0,Watch Dogs,19/03/2020,26/03/2020,,,
95.0,Figment,26/03/2020,02/04/2020,,,
96.0,Tormentor x Punisher,26/03/2020,02/04/2020,,,
97.0,World War Z,26/03/2020,02/04/2020,,,
98.0,Drawful 2,02/04/2020,09/04/2020,,,
99.0,Gone Home,02/04/2020,09/04/2020,,,
100.0,Hob,02/04/2020,09/04/2020,,,
101.0,Totally Reliable Delivery Service,02/04/2020,09/04/2020,,,
102.0,Close to the Sun,09/04/2020,16/04/2020,,,
103.0,Sherlock Holmes: Crimes and Punishments,09/04/2020,16/04/2020,,,
104.0,Just Cause 4,16/04/2020,23/04/2020,,,
105.0,Wheels of Aurelia,16/04/2020,23/04/2020,,,
106.0,For the King,23/04/2020,30/04/2020,,,
107.0,Amnesia: The Dark Descent,30/04/2020,07/05/2020,,,
108.0,Crashlands,30/04/2020,07/05/2020,,,
109.0,Death Coming,07/05/2020,14/05/2020,,,
110.0,Grand Theft Auto V,14/05/2020,21/05/2020,,,
111.0,Sid Meier's Civilization VI,21/05/2020,28/05/2020,,,
112.0,Borderlands 2,28/05/2020,04/06/2020,,,
113.0,Borderlands: The Handsome Collection,28/05/2020,04/06/2020,,,
114.0,Borderlands: The Pre-Sequel,28/05/2020,04/06/2020,,,
115.0,Overcooked!,04/06/2020,11/06/2020,,,
116.0,Ark: Survival Evolved,11/06/2020,18/06/2020,,,
117.0,Samurai Shodown NeoGeo Collection,11/06/2020,18/06/2020,,,
118.0,Pathway,18/06/2020,25/06/2020,,,
119.0,AER: Memories of Old,25/06/2020,02/07/2020,,,
120.0,Stranger Things 3: The Game,25/06/2020,02/07/2020,,,
121.0,Hue,02/07/2020,09/07/2020,,,
122.0,Killing Floor 2,09/07/2020,16/07/2020,,,
123.0,Lifeless Planet: Premier Edition,09/07/2020,16/07/2020,,,
124.0,The Escapists 2,09/07/2020,16/07/2020,,,
125.0,Torchlight II,16/07/2020,23/07/2020,,,
126.0,Next Up Hero,23/07/2020,30/07/2020,,,
127.0,Tacoma,23/07/2020,30/07/2020,,,
128.0,20XX,30/07/2020,06/08/2020,,,
129.0,Barony,30/07/2020,06/08/2020,,,
130.0,Superbrothers: Sword & Sworcery EP,30/07/2020,06/08/2020,,,
131.0,3 out of 10: Season One,06/08/2020,13/08/2020,,,
132.0,Wilmot's Warehouse,06/08/2020,13/08/2020,,,
133.0,Remnant: From the Ashes,13/08/2020,20/08/2020,,,
134.0,The Alto Collection,13/08/2020,20/08/2020,,,
135.0,Enter the Gungeon,20/08/2020,27/08/2020,,,
136.0,God's Trigger,20/08/2020,27/08/2020,,,
137.0,Hitman (2016),27/08/2020,03/09/2020,,,
138.0,Shadowrun Collection,27/08/2020,03/09/2020,,,
139.0,Into the Breach,03/09/2020,10/09/2020,,,
140.0,Railway Empire,10/09/2020,17/09/2020,,,
141.0,Where the Water Tastes Like Wine,10/09/2020,17/09/2020,,,
142.0,A Total War Saga: Troy,13/09/2020,13/09/2020,,,
143.0,Football Manager 2020,17/09/2020,24/09/2020,,,
144.0,Stick It To The Man!,17/09/2020,24/09/2020,,,
145.0,Watch Dogs 2,17/09/2020,24/09/2020,,,
146.0,RollerCoaster Tycoon 3: Complete Edition,24/09/2020,01/10/2020,,,
147.0,Pikuniku,01/10/2020,08/10/2020,,,
148.0,ABZU,08/10/2020,15/10/2020,,,
149.0,Rising Storm 2: Vietnam,08/10/2020,15/10/2020,,,
150.0,Amnesia: A Machine for Pigs,15/10/2020,22/10/2020,,,
151.0,Kingdom New Lands,15/10/2020,22/10/2020,,,
152.0,Costume Quest 2,22/10/2020,29/10/2020,,,
153.0,Layers of Fear 2,22/10/2020,29/10/2020,,,
154.0,Blair Witch,29/10/2020,05/11/2020,,,
155.0,Ghostbusters: The Video Game Remastered,29/10/2020,05/11/2020,,,
156.0,Dungeons 3,05/11/2020,12/11/2020,,,
157.0,The Textorcist: The Story of Ray Bibbia,12/11/2020,19/11/2020,,,
158.0,Elite Dangerous,19/11/2020,26/11/2020,,,
159.0,The World Next Door,19/11/2020,26/11/2020,,,
160.0,MudRunner,26/11/2020,03/12/2020,,,
161.0,Cave Story+,03/12/2020,10/12/2020,,,
162.0,Pillars of Eternity: Definitive Edition,10/12/2020,17/12/2020,,,
163.0,Tyranny: Gold Edition,10/12/2020,17/12/2020,,,
164.0,Cities: Skylines,17/12/2020,18/12/2020,,,
165.0,Oddworld: New 'n' Tasty,18/12/2020,19/12/2020,,,
166.0,The Long Dark,19/12/2020,20/12/2020,,,
167.0,Defense Grid: The Awakening,20/12/2020,21/12/2020,,,
168.0,Alien: Isolation,21/12/2020,22/12/2020,,,
169.0,Metro 2033 Redux,22/12/2020,23/12/2020,,,
170.0,Tropico 5,23/12/2020,24/12/2020,,,
171.0,Inside,24/12/2020,25/12/2020,,,
172.0,Darkest Dungeon,25/12/2020,26/12/2020,,,
173.0,My Time at Portia,26/12/2020,27/12/2020,,,
174.0,Night in the Woods,27/12/2020,28/12/2020,,,
175.0,Stranded Deep,28/12/2020,29/12/2020,,,
176.0,Solitairica,29/12/2020,30/12/2020,,,
177.0,Torchlight II,30/12/2020,31/12/2020,,,
178.0,Jurassic World Evolution,31/12/2020,07/01/2021,,,
179.0,Crying Suns,07/01/2021,14/01/2021,,,
180.0,STAR WARS Battlefront II,14/01/2021,21/01/2021,,,
181.0,Galactic Civilizations III,21/01/2021,28/01/2021,,,
182.0,Dandara,28/01/2021,04/02/2021,,,
183.0,For The King,04/02/2021,11/02/2021,,,
184.0,Metro: Last Light Redux,04/02/2021,11/02/2021,,,
185.0,Halcyon 6: Starbase Commander,11/02/2021,18/02/2021,,,
186.0,Absolute Drift,18/02/2021,25/02/2021,,,
187.0,Rage 2,18/02/2021,25/02/2021,,,
188.0,Sunless Sea,25/02/2021,04/03/2021,,,
189.0,Wargame: Red Dragon,04/03/2021,11/03/2021,,,
190.0,Surviving Mars,11/03/2021,18/03/2021,,,
191.0,The Fall,18/03/2021,25/03/2021,,,
192.0,Creature in the Well,25/03/2021,01/04/2021,,,
193.0,Tales of the Neon Sea,01/04/2021,08/04/2021,,,
194.0,3 out of 10: Season Two,08/04/2021,15/04/2021,,,
195.0,Deponia,15/04/2021,22/04/2021,,,
196.0,Ken Follett's The Pillars of the Earth,15/04/2021,22/04/2021,,,
197.0,The First Tree,15/04/2021,22/04/2021,,,
198.0,Alien: Isolation,22/04/2021,29/04/2021,,,
199.0,Hand of Fate 2,22/04/2021,29/04/2021,,,
200.0,Idle Champions of the Forgotten Realms,29/04/2021,06/05/2021,,,
201.0,Pine,06/05/2021,13/05/2021,,,
202.0,The Lion's Song,13/05/2021,20/05/2021,,,
203.0,NBA 2K21,20/05/2021,27/05/2021,,,
204.0,Among Us,27/05/2021,03/06/2021,,,
205.0,Frostpunk,03/06/2021,10/06/2021,,,
206.0,Control,10/06/2021,17/06/2021,,,
207.0,Hell is Other Demons,17/06/2021,24/06/2021,,,
208.0,Overcooked! 2,17/06/2021,24/06/2021,,,
209.0,Horizon Chase Turbo,24/06/2021,01/07/2021,,,
210.0,Sonic Mania,24/06/2021,01/07/2021,,,
211.0,The Spectrum Retreat,01/07/2021,08/07/2021,,,
212.0,Bridge Constructor: The Walking Dead,08/07/2021,15/07/2021,,,
213.0,Ironcast,08/07/2021,15/07/2021,,,
214.0,Obduction,15/07/2021,22/07/2021,,,
215.0,Offworld Trading Company,15/07/2021,22/07/2021,,,
216.0,Defense Grid: The Awakening (repeat),22/07/2021,29/07/2021,,,
217.0,Verdun,22/07/2021,29/07/2021,,,
218.0,Mothergunship,29/07/2021,05/08/2021,,,
219.0,Train Sim World 2,29/07/2021,05/08/2021,,,
220.0,A Plague Tale: Innocence,05/08/2021,12/08/2021,,,
221.0,Minit,05/08/2021,12/08/2021,,,
222.0,Rebel Galaxy,12/08/2021,19/08/2021,,,
223.0,Void Bastards,19/08/2021,26/08/2021,,,
224.0,Yooka-Laylee,19/08/2021,26/08/2021,,,
225.0,Automachef,26/08/2021,02/09/2021,,,
226.0,Saints Row: The Third Remastered,26/08/2021,02/09/2021,,,
227.0,Yoku's Island Express,02/09/2021,09/09/2021,,,
228.0,Nioh: The Complete Edition,09/09/2021,16/09/2021,,,
229.0,Sheltered,09/09/2021,16/09/2021,,,
230.0,Speed Brawl,16/09/2021,23/09/2021,,,
231.0,Tharsis,16/09/2021,23/09/2021,,,
232.0,The Escapists,23/09/2021,30/09/2021,,,
233.0,Europa Universalis IV,30/09/2021,07/10/2021,,,
234.0,PC Building Simulator,07/10/2021,14/10/2021,,,
235.0,Stubbs the Zombie in Rebel Without a Pulse,14/10/2021,21/10/2021,,,
236.0,Among the Sleep: Enhanced Edition,21/10/2021,28/10/2021,,,
237.0,DARQ,28/10/2021,04/11/2021,,,
238.0,Aven Colony,04/11/2021,11/11/2021,,,
239.0,Rogue Company Season 4 Epic Pack (DLC),11/11/2021,18/11/2021,,,
240.0,Tiny Tinas Assault on Dragon Keep: A Wonderlands One-Shot Adventure,11/11/2021,18/11/2021,,,
241.0,Guild of Dungeoneering,18/11/2021,25/11/2021,,,
242.0,KID A MNESIA EXHIBITION,18/11/2021,25/11/2021,,,
243.0,Never Alone (Kisima Ingitchuna),18/11/2021,25/11/2021,,,
244.0,Antstream,25/11/2021,02/12/2021,,,
245.0,theHunter: Call of the Wild,25/11/2021,02/12/2021,,,
246.0,Dead by Daylight,02/12/2021,09/12/2021,,,
247.0,while True: learn(),02/12/2021,09/12/2021,,,
248.0,Godfall: Challenger Edition,09/12/2021,16/12/2021,,,
249.0,Prison Architect,09/12/2021,16/12/2021,,,
250.0,Shenmue III,16/12/2021,17/12/2021,,,
251.0,Neon Abyss,17/12/2021,18/12/2021,,,
252.0,Remnant: From the Ashes,18/12/2021,19/12/2021,,,
253.0,The Vanishing of Ethan Carter,19/12/2021,20/12/2021,,,
254.0,Loop Hero,20/12/2021,21/12/2021,,,
255.0,Second Extinction,21/12/2021,22/12/2021,,,
256.0,Mutant Year Zero: Road to Eden,22/12/2021,23/12/2021,,,
257.0,Vampyr,23/12/2021,24/12/2021,,,
258.0,Pathfinder: Kingmaker - Enhanced Plus Edition,24/12/2021,25/12/2021,,,
259.0,Prey,25/12/2021,26/12/2021,,,
260.0,Control,26/12/2021,27/12/2021,,,
261.0,Mages of Mystralia,27/12/2021,28/12/2021,,,
262.0,Moving Out,28/12/2021,29/12/2021,,,
263.0,Salt and Sanctuary,29/12/2021,30/12/2021,,,
264.0,"Tomb Raider Trilogy (Tomb Raider GOTY, Rise of the Tomb Raider, Shadow of the Tomb Raider)",30/12/2021,06/01/2022,,,
265.0,Tomb Raider GOTY,30/12/2021,06/01/2022,,,
266.0,Rise of the Tomb Raider,30/12/2021,06/01/2022,,,
267.0,Shadow of the Tomb Raider,30/12/2021,06/01/2022,,,
268.0,Gods Will Fall,06/01/2022,13/01/2022,,,
269.0,Galactic Civilizations III,13/01/2022,20/01/2022,,,
270.0,Relicta,20/01/2022,27/01/2022,,,
271.0,Daemon X Machina,27/01/2022,03/02/2022,,,
272.0,Yooka-Laylee and the Impossible Lair,03/02/2022,10/02/2022,,,
273.0,Windbound,10/02/2022,17/02/2022,,,
274.0,Brothers: A Tale of Two Sons,17/02/2022,24/02/2022,,,
275.0,Cris Tales,24/02/2022,03/03/2022,,,
276.0,Black Widow: Recharged,03/03/2022,10/03/2022,,,
277.0,Centipede: Recharged,03/03/2022,10/03/2022,,,
278.0,Cities: Skylines,10/03/2022,17/03/2022,,,
279.0,In Sound Mind,17/03/2022,24/03/2022,,,
280.0,Demon's Tilt,24/03/2022,31/03/2022,,,
281.0,City of Brass (repeat),31/03/2022,07/04/2022,,,
282.0,Total War: Warhammer,31/03/2022,07/04/2022,,,
283.0,Rogue Legacy,07/04/2022,14/04/2022,,,
284.0,The Vanishing of Ethan Carter,07/04/2022,14/04/2022,,,
285.0,Insurmountable,14/04/2022,21/04/2022,,,
286.0,XCOM 2,14/04/2022,21/04/2022,,,
287.0,Amnesia: Rebirth,21/04/2022,28/04/2022,,,
288.0,Riverbond,21/04/2022,28/04/2022,,,
289.0,Just Die Already,28/04/2022,05/05/2022,,,
290.0,Paradigm,28/04/2022,05/05/2022,,,
291.0,Terraforming Mars,05/05/2022,12/05/2022,,,
292.0,Jotun: Valhalla Edition,12/05/2022,19/05/2022,,,
293.0,Prey,12/05/2022,19/05/2022,,,
294.0,Redout: Enhanced Edition,12/05/2022,19/05/2022,,,
295.0,Borderlands 3,19/05/2022,26/05/2022,,,
296.0,Bioshock: The Collection,26/05/2022,02/06/2022,,,
297.0,BioShock,26/05/2022,02/06/2022,,,
298.0,BioShock 2,26/05/2022,02/06/2022,,,
299.0,BioShock Infinite,26/05/2022,02/06/2022,,,
300.0,Wolfenstein: The New Order,02/06/2022,09/06/2022,,,
301.0,Maneater,09/06/2022,16/06/2022,,,
302.0,Supraland,16/06/2022,23/06/2022,,,
303.0,A Game of Thrones: The Board Game Digital Edition,23/06/2022,30/06/2022,,,
304.0,Car Mechanic Simulator 2018,23/06/2022,30/06/2022,,,
305.0,Geneforge 1: Mutagen,30/06/2022,07/07/2022,,,
306.0,Hood: Outlaws & Legends,30/06/2022,07/07/2022,,,
307.0,Iratus: Lord of the Dead,30/06/2022,07/07/2022,,,
308.0,Ancient Enemy,07/07/2022,14/07/2022,,,
309.0,Killing Floor 2,07/07/2022,14/07/2022,,,
310.0,Shop Titans,14/07/2022,21/07/2022,,,
311.0,Wonder Boy: The Dragon's Trap,14/07/2022,21/07/2022,,,
312.0,Tannenberg,21/07/2022,28/07/2022,,,
313.0,Lawn Mowing Simulator,28/07/2022,04/08/2022,,,
314.0,Unrailed!,04/08/2022,11/08/2022,,,
315.0,"Cook, Serve, Delicious! 3?!",11/08/2022,18/08/2022,,,
316.0,Doom 64,18/08/2022,25/08/2022,,,
317.0,Rumbleverse Boom Boxer Pack (DLC),18/08/2022,25/08/2022,,,
318.0,Destiny 2,25/08/2022,01/09/2022,,,
319.0,Ring of Pain,25/08/2022,01/09/2022,,,
320.0,Shadow of the Tomb Raider,01/09/2022,08/09/2022,,,
321.0,Submerged: Hidden Depths,01/09/2022,08/09/2022,,,
322.0,Hundred Days - Winemaking Simulator,08/09/2022,15/09/2022,,,
323.0,Realm Royale Reforged Epic Launch Bundle (DLC),08/09/2022,15/09/2022,,,
324.0,Spirit of the North,15/09/2022,22/09/2022,,,
325.0,The Captain,15/09/2022,22/09/2022,,,
326.0,ARK: Survival Evolved (repeat),22/09/2022,29/09/2022,,,
327.0,Gloomhaven,22/09/2022,29/09/2022,,,
328.0,Runbow,29/09/2022,06/10/2022,,,
329.0,The Drone Racing League Simulator,29/09/2022,06/10/2022,,,
330.0,Rising Hell,06/10/2022,13/10/2022,,,
331.0,Slain: Back from Hell,06/10/2022,13/10/2022,,,
332.0,Darkwood,13/10/2022,20/10/2022,,,
333.0,ToeJam & Earl: Back in the Groove!,13/10/2022,20/10/2022,,,
334.0,Evoland,20/10/2022,27/10/2022,,,
335.0,Fallout 3,20/10/2022,27/10/2022,,,
336.0,Saturnalia,27/10/2022,03/11/2022,,,
337.0,"Warhammer 40,000: Mechanicus",27/10/2022,03/11/2022,,,
338.0,Filament,03/11/2022,10/11/2022,,,
339.0,Rising Storm 2: Vietnam,03/11/2022,10/11/2022,,,
340.0,Alba: A Wildlife Adventure,10/11/2022,17/11/2022,,,
341.0,Shadow Tactics: Blades of the Shogun (repeat),10/11/2022,17/11/2022,,,
342.0,Dark Deity,17/11/2022,24/11/2022,,,
343.0,Evil Dead: The Game,17/11/2022,24/11/2022,,,
344.0,Star Wars: Squadrons,24/11/2022,01/12/2022,,,
345.0,Fort Triumph,01/12/2022,08/12/2022,,,
346.0,RPG in a Box,01/12/2022,08/12/2022,,,
347.0,Saints Row 4 Re-Elected,08/12/2022,15/12/2022,,,
348.0,Wildcat Gun Machine,08/12/2022,15/12/2022,,,
349.0,Bloons TD 6,15/12/2022,15/12/2022,,,
350.0,Horizon Chase Turbo,16/12/2022,16/12/2022,,,
351.0,Costume Quest 2,17/12/2022,17/12/2022,,,
352.0,Sable,19/12/2022,20/12/2022,,,
353.0,Them's Fightin' Herds,20/12/2022,21/12/2022,,,
354.0,Wolfenstein: The New Order,21/12/2022,22/12/2022,,,
355.0,LEGO Builder's Journey,22/12/2022,23/12/2022,,,
356.0,Fallout Classic Collection,23/12/2022,24/12/2022,,,
357.0,Encased,24/12/2022,25/12/2022,,,
358.0,Metro: Last Light Redux,25/12/2022,26/12/2022,,,
359.0,Death Stranding,26/12/2022,27/12/2022,,,
360.0,F.I.S.T.: Forged In Shadow Torch,27/12/2022,28/12/2022,,,
361.0,Severed Steel,28/12/2022,29/12/2022,,,
362.0,Dishonored,29/12/2022,05/01/2023,,,
363.0,Eximius: Seize the Frontline,29/12/2022,05/01/2023,,,
364.0,Mortal Shell,29/12/2022,05/01/2023,,,
365.0,Kerbal Space Program,05/01/2023,12/01/2023,,,
366.0,Shadow Tactics: Blades Of The Shogun - Aiko's Choice,05/01/2023,12/01/2023,,,
367.0,Divine Knockout,12/01/2023,19/01/2023,,,
368.0,First Class Trouble,12/01/2023,19/01/2023,,,
369.0,Epistory's Typing Chronicles,19/01/2023,26/01/2023,,,
370.0,Gamedec,19/01/2023,26/01/2023,,,
371.0,Adios,26/01/2023,02/02/2023,,,
372.0,Hell is Others,26/01/2023,02/02/2023,,,
373.0,City of Gangsters,02/02/2023,09/02/2023,,,
374.0,Dishonored: Death of the Outsider,02/02/2023,09/02/2023,,,
375.0,Recipe for Disaster,09/02/2023,16/02/2023,,,
376.0,Warpips,16/02/2023,23/02/2023,,,
377.0,Duskers,23/02/2023,02/03/2023,,,
378.0,Rise of Industry,02/03/2023,09/03/2023,,,
379.0,Call of the Sea,09/03/2023,16/03/2023,,,
380.0,"Warhammer 40,000: Gladius - Relics Of War",16/03/2023,23/03/2023,,,
381.0,Chess Ultra,23/03/2023,30/03/2023,,,
382.0,World of Warships  Starter Pack: Ishizuchi,23/03/2023,30/03/2023,,,
383.0,The Silent Age,30/03/2023,06/04/2023,,,
384.0,Tunche,30/03/2023,06/04/2023,,,
385.0,Dying Light,06/04/2023,13/04/2023,,,
386.0,shapez,06/04/2023,13/04/2023,,,
387.0,Mordhau,13/04/2023,20/04/2023,,,
388.0,Second Extinction,13/04/2023,20/04/2023,,,
389.0,Beyond Blue,20/04/2023,27/04/2023,,,
390.0,Never Alone (Kisima Ingitchuna),20/04/2023,27/04/2023,,,
391.0,Breathedge,27/04/2023,04/05/2023,,,
392.0,Poker Club,27/04/2023,04/05/2023,,,
393.0,Against All Odds,04/05/2023,11/05/2023,,,
394.0,Horizon Chase Turbo,04/05/2023,11/05/2023,,,
395.0,Kao the Kangaroo,04/05/2023,11/05/2023,,,
396.0,The Sims 4 The Daring Lifestyle Bundle,11/05/2023,18/05/2023,,,
397.0,Death Stranding,18/05/2023,25/05/2023,,,
398.0,Fallout: New Vegas,25/05/2023,01/06/2023,,,
399.0,Midnight Ghost Hunt,01/06/2023,08/06/2023,,,
400.0,PAYDAY 2,08/06/2023,15/06/2023,,,
401.0,Guacamelee! 2,15/06/2023,22/06/2023,,,
402.0,Guacamelee!,15/06/2023,22/06/2023,,,
403.0,TheHunter: Call of the Wild,22/06/2023,29/06/2023,,,
404.0,Idle Champions Of The Forgotten Realms Pack,22/06/2023,29/06/2023,,,
405.0,The Dungeon of Naheulbeuk: The Amulet of Chaos,29/06/2023,06/07/2023,,,
406.0,Grime,06/07/2023,13/07/2023,,,
407.0,Train Valley 2,13/07/2023,20/07/2023,,,
408.0,Murder by Numbers,20/07/2023,27/07/2023,,,
409.0,The Elder Scrolls Online,20/07/2023,27/07/2023,,,
410.0,Homeworld Remastered Collection,27/07/2023,03/08/2023,,,
411.0,Severed Steel,27/07/2023,03/08/2023,,,
412.0,Bloons TD 6,03/08/2023,10/08/2023,,,
413.0,Loop Hero,03/08/2023,10/08/2023,,,
414.0,Europa Universalis IV (repeat),10/08/2023,17/08/2023,,,
415.0,Orwell: Keeping an Eye on You,10/08/2023,17/08/2023,,,
416.0,Black Book,17/08/2023,24/08/2023,,,
417.0,Dodo Peak,17/08/2023,24/08/2023,,,
418.0,Homeworld: Deserts of Kharak,24/08/2023,31/08/2023,,,
419.0,Cave Story+,31/08/2023,07/09/2023,,,
420.0,Spelldrifter,31/08/2023,07/09/2023,,,
421.0,911 Operator,14/09/2023,21/09/2023,,,
422.0,Out of Line,14/09/2023,21/09/2023,,,
423.0,The Forest Quartet,21/09/2023,28/09/2023,,,
424.0,Model Builder,28/09/2023,05/10/2023,,,
425.0,Soulstice,28/09/2023,05/10/2023,,,
426.0,Godlike Burger,05/10/2023,12/10/2023,,,
427.0,Blazing Sails,12/10/2023,19/10/2023,,,
428.0,Q.U.B.E. Ultimate Bundle,12/10/2023,19/10/2023,,,
429.0,Eternal Threads,19/10/2023,26/10/2023,,,
430.0,The Evil Within,19/10/2023,26/10/2023,,,
431.0,Tandem: A Tale of Shadows,26/10/2023,02/11/2023,,,
432.0,The Evil Within 2,26/10/2023,02/11/2023,,,
433.0,F.I.S.T.: Forged In Shadow Torch,02/11/2023,09/11/2023,,,
434.0,Turnip Boy Commits Tax Evasion,02/11/2023,09/11/2023,,,
435.0,Earthlock,09/11/2023,16/11/2023,,,
436.0,Golden Light,09/11/2023,16/11/2023,,,
437.0,Deliver Us Mars,16/11/2023,23/11/2023,,,
438.0,Surviving the Aftermath,16/11/2023,23/11/2023,,,
439.0,Jitsu Squad,23/11/2023,30/11/2023,,,
440.0,Mighty Fight Federation,23/11/2023,30/11/2023,,,
441.0,GigaBash,30/11/2023,07/12/2023,,,
442.0,Predecessor,30/11/2023,07/12/2023,,,
443.0,Destiny 2: Legacy Collection,07/12/2023,14/12/2023,,,
444.0,DNF Duel,20/12/2023,21/12/2023,,,
445.0,Melvor Idle,21/12/2023,22/12/2023,,,
446.0,20 Minutes Till Dawn,21/12/2023,31/12/2023,,,
447.0,A Plague Tale: Innocence (repeat),21/12/2023,31/12/2023,,,
448.0,Additional minor DLC / cosmetics slots (holiday pack group)*,21/12/2023,31/12/2023,,,
449.0,Black Book (repeat),21/12/2023,31/12/2023,,,
450.0,Dishonored: Death of the Outsider,21/12/2023,31/12/2023,,,
451.0,Escape Academy,21/12/2023,31/12/2023,,,
452.0,Grime,21/12/2023,31/12/2023,,,
453.0,Idle Champions of the Forgotten Realms (DLC pack),21/12/2023,31/12/2023,,,
454.0,Marvel's Guardians of the Galaxy,21/12/2023,31/12/2023,,,
455.0,theHunter: Call of the Wild (repeat),21/12/2023,31/12/2023,,,
456.0,Train Sim World 3 (example holiday slot)*,21/12/2023,31/12/2023,,,
457.0,Train Valley 2,21/12/2023,31/12/2023,,,
458.0,Turnip Boy Commits Tax Evasion (repeat),21/12/2023,31/12/2023,,,
459.0,Art of Rally,22/12/2023,23/12/2023,,,
460.0,Fallout 3,23/12/2023,24/12/2023,,,
461.0,Ghostwire: Tokyo,24/12/2023,25/12/2023,,,
462.0,The Outer Worlds,25/12/2023,26/12/2023,,,
463.0,Human Resource Machine,26/12/2023,27/12/2023,,,
464.0,Cursed to Golf,27/12/2023,28/12/2023,,,
465.0,Cat Quest,28/12/2023,29/12/2023,,,
466.0,Snakebird Complete,29/12/2023,30/12/2023,,,
467.0,Saints Row (2022),30/12/2023,31/12/2023,,,
468.0,Ghostrunner,31/12/2023,01/01/2024,,,
469.0,Escape Academy,01/01/2024,02/01/2024,,,
470.0,20 Minutes Till Dawn,02/01/2024,03/01/2024,,,
471.0,A Plague Tale: Innocence,03/01/2024,04/01/2024,,,
472.0,Marvel's Guardians of the Galaxy,04/01/2024,11/01/2024,,,
473.0,Sail Forth,11/01/2024,18/01/2024,,,
474.0,LOVE,18/01/2024,25/01/2024,,,
475.0,Infinifactory,25/01/2024,01/02/2024,,,
476.0,Doors: Paradox,01/02/2024,08/02/2024,,,
477.0,Lost Castle,08/02/2024,15/02/2024,,,
478.0,Doki Doki Literature Club Plus!,08/02/2024,15/02/2024,,,
479.0,Dakar Desert Rally,15/02/2024,22/02/2024,,,
480.0,Super Meat Boy Forever,22/02/2024,29/02/2024,,,
481.0,Aerial_Knight's Never Yield,29/02/2024,07/03/2024,,,
482.0,Thief (2014),04/03/2024,11/04/2024,,,
483.0,The Outer Worlds,04/03/2024,11/04/2024,,,
484.0,Astro Duel,07/03/2024,14/03/2024,,,
485.0,The Bridge,14/03/2024,21/03/2024,,,
486.0,LISA: The Painful,14/03/2024,21/03/2024,,,
487.0,Deus Ex: Mankind Divided,14/03/2024,21/03/2024,,,
488.0,Call of The Wild: The Angler,21/03/2024,28/03/2024,,,
489.0,Invincible Presents: Atom Eve,21/03/2024,28/03/2024,,,
490.0,Islets,28/03/2024,04/04/2024,,,
491.0,Circus Electrique,04/04/2024,11/04/2024,,,
492.0,Ghostrunner,11/04/2024,18/04/2024,,,
493.0,The Big Con,18/04/2024,25/04/2024,,,
494.0,Town of Salem 2,18/04/2024,25/04/2024,,,
495.0,Circus Electrique,18/04/2024,25/04/2024,,,
496.0,Industria,25/04/2024,02/05/2024,,,
497.0,Orcs Must Die! 3,02/05/2024,09/05/2024,,,
498.0,LISA: The Joyful,02/05/2024,09/05/2024,,,
499.0,Cat Quest II,02/05/2024,09/05/2024,,,
500.0,Orcs Must Die! 2 (repeat),09/05/2024,16/05/2024,,,
501.0,Firestone: Online Idle RPG,09/05/2024,16/05/2024,,,
502.0,Dragon Age: Inquisition,16/05/2024,23/05/2024,,,
503.0,Farming Simulator 22,23/05/2024,30/05/2024,,,
504.0,Chivalry 2,30/05/2024,06/06/2024,,,
505.0,Marvel's Midnight Suns,30/05/2024,06/06/2024,,,
506.0,Redout 2,06/06/2024,13/06/2024,,,
507.0,Idle Champions of the Forgotten Realms (DLC pack),13/06/2024,20/06/2024,,,
508.0,Freshly Frosted + Rumble Club pack,20/06/2024,27/06/2024,,,
509.0,Sunless Skies: Sovereign Edition,27/06/2024,04/07/2024,,,
510.0,The Falconeer,04/07/2024,11/07/2024,,,
511.0,Floppy Knights,11/07/2024,18/07/2024,,,
512.0,Arcade Paradise,18/07/2024,25/07/2024,,,
513.0,Maid of Sker,18/07/2024,25/07/2024,,,
514.0,F.I.S.T.: Forged In Shadow Torch,25/07/2024,01/08/2024,,,
515.0,LumbearJack,01/08/2024,08/08/2024,,,
516.0,Rawmen: Food Fighter Arena,01/08/2024,08/08/2024,,,
517.0,DNF Duel,08/08/2024,15/08/2024,,,
518.0,CYGNI: All Guns Blazing,08/08/2024,15/08/2024,,,
519.0,Death's Gambit: Afterlife,15/08/2024,22/08/2024,,,
520.0,World of Warships  Starter Pack: Albany,15/08/2024,22/08/2024,,,
521.0,Gigantic: Rampage Edition,22/08/2024,29/08/2024,,,
522.0,The Callisto Protocol,22/08/2024,29/08/2024,,,
523.0,Fallout Classic Edition,29/08/2024,05/09/2024,,,
524.0,Wild Card Football,29/08/2024,05/09/2024,,,
525.0,Football Manager 2024,05/09/2024,12/09/2024,,,
526.0,Sniper Ghost Warrior Contracts,05/09/2024,12/09/2024,,,
527.0,Rugrats: Adventures in Gameland,12/09/2024,19/09/2024,,,
528.0,Super Crazy Rhythm Castle,12/09/2024,19/09/2024,,,
529.0,Toem,19/09/2024,26/09/2024,,,
530.0,The Last Stand: Aftermath,19/09/2024,26/09/2024,,,
531.0,The Spirit and the Mouse,26/09/2024,03/10/2024,,,
532.0,Bear and Breakfast,03/10/2024,10/10/2024,,,
533.0,Outliver: Tribulation,10/10/2024,17/10/2024,,,
534.0,Empyrion - Galactic Survival,10/10/2024,17/10/2024,,,
535.0,Kardboard Kings: Card Shop Simulator,17/10/2024,17/10/2024,,,
536.0,Invincible Presents: Atom Eve,17/10/2024,24/10/2024,,,
537.0,Moving Out,24/10/2024,31/10/2024,,,
538.0,Ghostwire: Tokyo,31/10/2024,07/11/2024,,,
539.0,Witch It,31/10/2024,07/11/2024,,,
540.0,Deceive Inc.,07/11/2024,14/11/2024,,,
541.0,Castlevania Anniversary Collection,14/11/2024,21/11/2024,,,
542.0,Snakebird Complete,14/11/2024,21/11/2024,,,
543.0,Beholder,21/11/2024,28/11/2024,,,
544.0,Brotato,28/11/2024,05/12/2024,,,
545.0,Lego Star Wars: The Skywalker Saga,05/12/2024,12/12/2024,,,
546.0,Bus Simulator 21 Next Stop,05/12/2024,12/12/2024,,,
547.0,The Lord of the Rings: Return to Moria,12/12/2024,19/12/2024,,,
548.0,Vampire Survivors,19/12/2024,20/12/2024,,,
549.0,Astrea: Six-Sided Oracles,20/12/2024,21/12/2024,,,
550.0,TerraTech,21/12/2024,22/12/2024,,,
551.0,Wizard of Legend,22/12/2024,23/12/2024,,,
552.0,Dark and Darker,23/12/2024,24/12/2024,,,
553.0,DREDGE,24/12/2024,25/12/2024,,,
554.0,Control,25/12/2024,26/12/2024,,,
555.0,Ghostrunner 2,26/12/2024,27/12/2024,,,
556.0,Hot Wheels Unleashed,27/12/2024,28/12/2024,,,
557.0,KILL KNIGHT,28/12/2024,29/12/2024,,,
558.0,Orcs Must Die! 3 (repeat),29/12/2024,30/12/2024,,,
559.0,REDACTED (mystery day 2024)*,30/12/2024,31/12/2024,,,
560.0,Sifu,31/12/2024,01/01/2025,,,
561.0,Kingdom Come: Deliverance,01/01/2025,02/01/2025,,,
562.0,Hell Let Loose,02/01/2025,09/01/2025,,,
563.0,Turmoil,09/01/2025,16/01/2025,,,
564.0,Escape Academy,16/01/2025,23/01/2025,,,
565.0,Behind the Frame: The Finest Scenery,23/01/2025,30/01/2025,,,
566.0,Undying,30/01/2025,06/02/2025,,,
567.0,Beyond Blue,06/02/2025,13/02/2025,,,
568.0,Humankind,06/02/2025,13/02/2025,,,
569.0,F1 Manager 2024,13/02/2025,20/02/2025,,,
570.0,Garden Story,20/02/2025,27/02/2025,,,
571.0,World War Z Aftermath,20/02/2025,27/02/2025,,,
572.0,Mages of Mystralia,27/02/2025,06/03/2025,,,
573.0,Them's Fightin' Herds,06/03/2025,13/03/2025,,,
574.0,Mortal Shell,13/03/2025,20/03/2025,,,
575.0,World Of Warships  Anniversary Party Flavor,13/03/2025,20/03/2025,,,
576.0,Jurassic World Evolution 2,20/03/2025,27/03/2025,,,
577.0,Cat Quest,27/03/2025,03/04/2025,,,
578.0,"Neko Ghost, Jump!",27/03/2025,03/04/2025,,,
579.0,Cat Quest 2,03/04/2025,10/04/2025,,,
580.0,River City Girls,10/04/2025,17/04/2025,,,
581.0,Botanicula,17/04/2025,24/04/2025,,,
582.0,Chuchel,24/04/2025,01/05/2025,,,
583.0,Albion Online Welcome Gift,24/04/2025,01/05/2025,,,
584.0,Super Space Club,01/05/2025,08/05/2025,,,
585.0,Deadtime Defenders,08/05/2025,15/05/2025,,,
586.0,Touch Type Tale,08/05/2025,15/05/2025,,,
587.0,Happy Game,15/05/2025,22/05/2025,,,
588.0,Dead Island 2,15/05/2025,22/05/2025,,,
589.0,Deliver At All Costs,22/05/2025,29/05/2025,,,
590.0,Gigapocalypse,22/05/2025,29/05/2025,,,
591.0,Sifu,22/05/2025,29/05/2025,,,
592.0,Limbo,29/05/2025,05/06/2025,,,
593.0,Tiny Tina's Wonderlands,29/05/2025,05/06/2025,,,
594.0,Deathloop,05/06/2025,12/06/2025,,,
595.0,Ogu and the Secret Forest,05/06/2025,12/06/2025,,,
596.0,Two Point Hospital,12/06/2025,19/06/2025,,,
597.0,The Operator,19/06/2025,26/06/2025,,,
598.0,Sable,26/06/2025,03/07/2025,,,
599.0,Backpack Hero,03/07/2025,10/07/2025,,,
600.0,Figment,03/07/2025,10/07/2025,,,
601.0,Figment 2,10/07/2025,17/07/2025,,,
602.0,Sky Racket,10/07/2025,17/07/2025,,,
603.0,Civilization 6 Platinum Edition,17/07/2025,24/07/2025,,,
604.0,Legion TD2,24/07/2025,31/07/2025,,,
605.0,Keylocker,31/07/2025,07/08/2025,,,
606.0,Pilgrims,31/07/2025,07/08/2025,,,
607.0,112 Operator,07/08/2025,14/08/2025,,,
608.0,Road Redemption,07/08/2025,14/08/2025,,,
609.0,Hidden Folks,14/08/2025,21/08/2025,,,
610.0,Totally Reliable Delivery Service,14/08/2025,21/08/2025,,,
611.0,Kamaeru: A Frog Refuge,21/08/2025,28/08/2025,,,
612.0,Strange Horticulture,21/08/2025,28/08/2025,,,
613.0,Machinarium,28/08/2025,04/09/2025,,,
614.0,Make Way,28/08/2025,04/09/2025,,,
615.0,Monument Valley,04/09/2025,11/09/2025,,,
616.0,Ghostrunner 2,11/09/2025,18/09/2025,,,
617.0,Monument Valley 2,11/09/2025,18/09/2025,,,
618.0,The Battle of Polytopia,11/09/2025,18/09/2025,,,
619.0,Project Winter,18/09/2025,25/09/2025,,,
620.0,Samorost 2,18/09/2025,25/09/2025,,,
621.0,Eastern Exorcist,25/09/2025,02/10/2025,,,
622.0,Jorels Brother and The Most Important Game of the Galaxy,25/09/2025,02/10/2025,,,
623.0,Nightingale,02/10/2025,09/10/2025,,,
624.0,Gravity Circuit,09/10/2025,16/10/2025,,,
625.0,Amnesia: The Bunker,16/10/2025,23/10/2025,,,
626.0,Samorost 3,16/10/2025,23/10/2025,,,
627.0,Fear the Spotlight,23/10/2025,30/10/2025,,,
628.0,Five Nights at Freddy's: Into the Pit,30/10/2025,06/11/2025,,,
629.0,Bendy and the Ink Machine,30/10/2025,06/11/2025,,,
630.0,Felix The Reaper,06/11/2025,13/11/2025,,,
631.0,ScourgeBringer,13/11/2025,20/11/2025,,,
632.0,Songs of Silence,13/11/2025,20/11/2025,,,
633.0,Zero Hour,13/11/2025,20/11/2025,,,
634.0,Zoeti,20/11/2025,27/11/2025,,,
635.0,Godzilla Voxel Wars,20/11/2025,27/11/2025,,,
636.0,Universe for Sale,27/11/2025,04/12/2025,,,
637.0,The Darkside Detective,04/12/2025,11/12/2025,,,
638.0,The Jackbox Party Pack 4,04/12/2025,11/12/2025,,,
639.0,Hogwarts Legacy,11/12/2025,18/12/2025,,,
640.0,Jotunnslayer: Hordes of Hel,18/12/2025,19/12/2025,,,
641.0,Eternights,19/12/2025,20/12/2025,,,
642.0,Blood West,20/12/2025,21/12/2025,,,
643.0,Sorry We're Closed,21/12/2025,22/12/2025,,,
644.0,Paradise Killer,22/12/2025,23/12/2025,,,
645.0,Bloodstained: Ritual of the Night,23/12/2025,24/12/2025,,,
646.0,The Callisto Protocol,24/12/2025,25/12/2025,,,
647.0,Disco Elysium  The Final Cut,25/12/2025,26/12/2025,,,
648.0,We Were Here Together,26/12/2025,27/12/2025,,,
649.0,Cassette Beasts,27/12/2025,28/12/2025,,,
650.0,SKALD: Against the Black Priory,28/12/2025,29/12/2025,,,
651.0,Viewfinder,29/12/2025,30/12/2025,,,
652.0,Trine Classic Collection,30/12/2025,31/12/2025,,,
653.0,Chivalry 2,31/12/2025,01/01/2026,,,
654.0,Wildgate,01/01/2026,08/01/2026,,,
655.0,Total War: Three Kingdoms,01/01/2026,08/01/2026,,,
656.0,Bloons TD 6,08/01/2026,15/01/2026,,,
,,,,,,
,,,,,,
,,,,Styx: Master of Shadows,2026-01-15T16:00:00.000Z,2026-01-22T16:00:00.000Z
,,,,Styx: Shards of Darkness - Deluxe Edition,2026-01-15T16:00:00.000Z,2026-01-22T16:00:00.000Z
